柳沢 来実,00010,00010,0,0
国分 香穂,00011,00011,1,0
浦田 晃年,00012,00012,0,0
関本 義久,00013,00013,1,0
小嶋 真緒,00014,00014,0,0
須田 璃音,00015,00015,1,0
本間 寧音,00016,00016,0,0
塩沢 利之,00017,00017,1,0
真田 昭子,00018,00018,0,0
安井 繁男,00019,00019,1,0
大原 茂樹,00020,00020,0,0
鬼頭 日菜,00021,00021,1,0
門田 金治,00022,00022,0,0
日高 尚司,00023,00023,1,0
谷本 大樹,00024,00024,0,0
阿部 紗矢,00025,00025,1,0
大槻 純,00026,00026,0,0
福本 政人,00027,00027,1,0
江頭 伸一,00028,00028,0,0
大山 空穏,00029,00029,1,0
本山 杏子,00030,00030,0,0
草野 和茂,00031,00031,1,0
竹内 華音,00032,00032,0,0
塩沢 秀実,00033,00033,1,0
植松 基一,00034,00034,0,0
土橋 和広,00035,00035,1,0
松岡 希和子,00036,00036,0,0
上田 花,00037,00037,1,0
梅沢 紫苑,00038,00038,0,0
池本 竜一,00039,00039,1,0
赤坂 佑奈,00040,00040,0,0
星野 華,00041,00041,1,0
工藤 日奈,00042,00042,0,0
安斎 尚志,00043,00043,1,0
浜 和恵,00044,00044,0,0
梅田 香澄,00045,00045,1,0
溝口 勝夫,00046,00046,0,0
日下 敬二,00047,00047,1,0
古沢 梨子,00048,00048,0,0
片岡 美羽,00049,00049,1,0
吉永 文,00050,00050,0,0
飯野 正巳,00051,00051,1,0
鈴木 章子,00052,00052,0,0
中森 雅典,00053,00053,1,0
磯崎 里歌,00054,00054,0,0
片岡 和枝,00055,00055,1,0
平野 明緒子,00056,00056,0,0
福原 優依,00057,00057,1,0
藤沢 美貴,00058,00058,0,0
並木 心結,00059,00059,1,0
片桐 知代,00060,00060,0,0
羽田 信明,00061,00061,1,0
滝沢 杏理,00062,00062,0,0
大江 竜也,00063,00063,1,0
南部 由香,00064,00064,0,0
茂木 邦雄,00065,00065,1,0
三上 真生,00066,00066,0,0
塩谷 佐登子,00067,00067,1,0
村木 孝義,00068,00068,0,0
朝倉 昌,00069,00069,1,0